SN.,Trade_Name,"Strenght/
Conc.",Dosage_Form,Quantity_of_Dosage_Form,Price,Generic_Name,Local/Import,Category,Indications_for_Use,Side_Effect_1,Side_Effect_2,Side_Effect_3,Side_Effect_4,Side_Effect_5,Side_Effect_6,Side_Effect_7,Side_Effect_8,Side_Effect_9,Image_URL
2512,"Abimol	 500mg. tablets",500 mg.,tablets,20tablets,13,Paracetamol 500 mg.,Local,Analgesic and Anti-Inflammatory Agents,Abimol - Pain reliever - Fever reducer,,,,,,,,,,https://tdawi.com/media/catalog/product/cache/c02fd180406f0a5f799ad7095a14ddcd/a/b/abimol_tablet_2_h5afz9wi6nkaoump.jpg
1203,"Acetyl cistein	 200mg sachets",200 mg/sachet,sachets,10 Sachets,30,Acetylcysteine 200 mg/sachet,Local,Cough Preparations ,Acetylcysteine ??- Expectorant - For coughs with mucus,Fever,itching,nausea,rash,reddening of the skin,severe or ongoing vomiting,swelling of the eye ,diffivulty with breathing,,https://www.bloompharmacy.com/cdn/shop/products/acetylcistein-200-mg-effervescent-powder-10-sachets-303072.jpg?v=1687634807
1204,"Acetylcistein	 600mg sachets",600 mg /pack. ,sachets,10 Sachets,45,Acetylcysteine 600 mg /pack. ,Local,Cough Preparations ,Acetylcysteine ??- Expectorant - For coughs with mucus,Fever,itching,nausea,rash,reddening of the skin,severe or ongoing vomiting,swelling of the eye ,diffivulty with breathing,,https://www.rosheta.com/upload/ad3b327d392815b62fa6263e0be486dee4ff9d357908d171a2b362e71cab1ce1.webp
8448,Aciclovir 500mg. Vial,500 mg.,Vial,5 Vials ,520,Acyclovir Sodium 500 mg.,Import,Antimicrobials,Acyclovir - Antiviral,Headache,vomiting,difficulty breathing,drowsiness,cramps,hair loss,mild skin pain,cough ,dizziness,"https://onemg.gumlet.io/l_watermark_346,w_480,h_480/a_ignore,w_480,h_480,c_fit,q_auto,f_auto/cropped/wutfux5cqwinkd8zqncj.jpg?dpr=2&format=auto"
6447,Acni-Care 2% lotion,0.02,lotion,25 ml Bottle,8,Erythromycin 0.02,Local,Topical & Systemic Acne Preparations,Acne Care - topical treatment for acne,,,,,,,,,,https://dermahealthpharma.com/wp-content/uploads/2020/07/02.png
5010,Acretin 0.05% Gel,0.0005,Gel,30 gm Cream,15,Tretinoin 0.05,Import,Topical & Systemic Acne Preparations,Acretin - a topical treatment for acne,,,,,,,,,,https://encrypted-tbn0.gstatic.com/images?q=tbn:ANd9GcRallxZgwIpwa9SFuYC1wnhm94RUHPDCCrAwA&s
10529,Actemra 200mg. Vial,200 mg.,Vial,10 ml Vials,5022,Tocilizumab 200 mg.,Import,Analgesic and Anti-Inflammatory Agents,Actemra - for immune-related rheumatic diseases,,,,,,,,,,https://m2.alhabibpharmacy.net/media/catalog/product/N/e/New_image_6560030038_0.jpg
14531,Actemra 400mg. Vial,400 mg.,Vial,20 ml vial,6641,Tocilizumab 400 mg.,Import,Analgesic and Anti-Inflammatory Agents,Actemra - for immune-related rheumatic diseases,,,,,,,,,,https://5.imimg.com/data5/SELLER/Default/2024/1/380545023/BW/PS/TA/47099310/actemra-400-mg-injection-500x500.png
958,Actrapid Human 100 i.u. ml. Vial,100 i.u./ml.,Vial,10 ml Vials,55,Crystalline insulin 100 i.u./ml.,Import,Anti diabetic Agents ,Ectraped Humin - for the treatment of diabetics by injection,,,,,,,,,,https://cdn2.arogga.com/eyJidWNrZXQiOiJhcm9nZ2EiLCJrZXkiOiJQcm9kdWN0LXBfaW1hZ2VzXC8yNzc5NFwvMjc3OTQtQWN0cmFwaWQtVmFpbC0xMDBpdS1jb3B5LTByMjhpNy5qcGVnIiwiZWRpdHMiOltdfQ==
959,Actrapid Human 100 i.u. Penfills,100 i.u./ml.,Penfills,5 Penfills,141.5,Crystalline insulin 100 i.u./ml.,Import,Anti diabetic Agents ,Acnerapid Benefyl - for treating diabetics by injection,,,,,,,,,,https://www.bloompharmacy.com/cdn/shop/files/actrapid-penfill-3-ml-100-iu-ml-5-cartridge-725491_600x600_crop_center.jpg?v=1716286285
5517,Acyclovir eye Ointment,0.03,Eye Ointment,5 gm ointment,5.75,Acyclovir Sodium 0.03,Local,Eye and Ear Preparations,Acyclovir - an antidote for eye infections with herpes virus,Dry or cracked lips,flaky or dry skin,burning skin,redness ,swelling,irritation,,,,https://encrypted-tbn0.gstatic.com/images?q=tbn:ANd9GcR4z4D0eFPzjZR31UgzHT6-x4Ve4YBobse1nA&s
18133,Adancor 10mg. 30 tablets,10,tablets,30 tablets,83,Nicorandil 10 mg,Local,Simple And MultiVitamins ,Adancor - for the treatment of arrhythmia,painful sores on eyes,stomach pain,feeling sick,loss of appetite,watery eyes,,,,,https://encrypted-tbn0.gstatic.com/images?q=tbn:ANd9GcSVJddErnQG405NjqXm3SLdVcQej5AF_AXHhw&s
1567,Adenox forte tablets,,tablets,20tablets,11.5,"Adenosine triphosphate 25 mg., Pyridoxine Hcl 250 mg",Local,Simple And MultiVitamins ,Adinox Forte - anti-neuroinflammatory and stimulant,Diarrhea,feeling of warmth,indigestion,loss of appetite,nausea or vomiting,passing of gas,stomach pain,redness of the face,,https://sa.rosheta.com/upload/ca2c864965980d543fa4b13247d38113250b23af3f808eb7e1727eff58760154.jpg
13443,Adolor 30mg ampoules,30 mg/5ml .,Ampoules,3 ampoules,24,Ketorolac 30 mg/5ml .,Local,Analgesic and Anti-Inflammatory Agents,Adolor - a central pain reliever via the brain,headache,dizziness,drowsiness,constipation,diarrhea,gas,sweating,sores in mouth,,https://delmar-test.linkedgates.com/images/items/120519.JPEG
13357,"Adwiflam		 12.5mg. Suppositories",12.5 mg.,Suppositories,5 suppositories,7.5,Diclofenac Potassium 12.5 mg.,Local,Analgesic and Anti-Inflammatory Agents,Adiflame - analgesic and anti-rheumatic,Upset stomach,Nausea,Heartburn,Diarrhea,Constipation,Headache,Blurred vision,Gas,,https://cdn.supercommerce.io/sally/uploads/144460.webp
5742,Aerius 5mg. tablets,5 mg.,tablets,20 tablets,77,Desloratadine 5 mg.,Import,Antihistaminic Drugs ,Arias- long-acting hypoallergenic,Headache,Nausea,Diarrhea,Dizziness,Sore throat,Dry mouth,Muscle pain,Extreme tiredness,,https://encrypted-tbn0.gstatic.com/images?q=tbn:ANd9GcTkRr-NVDA49ewur1Gr7q5Yr9_1cYTSVoHXiA&s
12658,Afinitor 10mg. tablets,10 mg.,tablets,30 tablets,19100,Everolimus 10 mg.,Import,Chemotherapeutics and Drugs Affecting Immunoresponse,Afinitor: To suppress immunity to prevent organ rejection in transplantation,bloating or swelling of face,bloody nose,cough,diarrhea,decreased weight,difficulty with swallowing,fever,lower back or side pain,,https://lh3.googleusercontent.com/proxy/OeeuWyh_2KdAZqcMz4FLlL7HnwAXS0NfYkixHofRpyctSWxl3F3OBx5MVBLREZg7BMr1Whvp3fm2SKHX7DgFuehDBFMOj4o2-LeqAWFFTxLNC68tHznDYxXee18QbBAZfzQ
12659,Afinitor 5mg. tablets,5 mg.,tablets,30 tablets,9700,Everolimus 5 mg.,Import,Chemotherapeutics and Drugs Affecting Immunoresponse,Afinitor: To suppress immunity to prevent organ rejection in transplantation,bloating or swelling of face,bloody nose,cough,diarrhea,decreased weight,difficulty with swallowing,fever,lower back or side pain,,https://medilink.com.bd/image/cache/catalog/Product/Novartis(Bangladesh)%20Limited/Afinitor%20Tablet%205%20mg-728x800.jpg
14831,Akne Free Cream,0.02,Cream,30 gm Cream,13.5,"Tretinoin 0.02, Glycerin 0.1,,",Local,Topical & Systemic Acne Preparations,Acne Free - topical treatment for acne,,,,,,,,,,https://i0.wp.com/taypharmacies.com/wp-content/uploads/2024/02/MOLPED-MAXI-COMPRESSED-EXTRA-LONG-142-PADS-%D8%A8%D8%A7%D9%84%D9%85%D8%B3%D9%83-90.png?fit=1200%2C1200&ssl=1
14041,albumin Human 100ml. Vial,0.2,Vial,100 ml vial,545,Human Albumin 0.2,Local,Venous Nutrition and Blood Electrolytes,Albumin Human - for low blood volume,weak or shallow breathing,headache,blurred vision,buzzing in ears,anxiety,confusion,sweating,pale skin,severe shortness of breath,https://api.fffenterprises.com/medias/515Wx515H-ALB6025110-alburx-25-25gm-100ml-single-dose-vial-product-img.jpg?context=bWFzdGVyfGltYWdlc3w1NDg1N3xpbWFnZS9qcGVnfGFEYzJMMmhsWmk4NE9UZzBOakl6TXpFM01ESXlMelV4TlZkNE5URTFTQzFCVEVJMk1ESTFNVEV3TFdGc1luVnllRjh5TlMweU5XZHRMVEV3TUcxc0xYTnBibWRzWlMxa2IzTmxMWFpwWVd3dGNISnZaSFZqZEMxcGJXY3VhbkJufDY3MWQ2ZjA4M2MzOGEyNGE3ZDY5NTk1OWFkODFhZWYyYzBkZjVhMDM3ZGQ5MzNjMzVlNDQ3MmQ0ZTE1OWYxZGU
14042,albumin Human 50ml. Vial,0.2,Vial,50 ml vial,545,Human Albumin 0.2,Local,Venous Nutrition and Blood Electrolytes,Albumin Human - for low blood volume,weak or shallow breathing,headache,blurred vision,buzzing in ears,anxiety,confusion,sweating,pale skin,severe shortness of breath,https://5.imimg.com/data5/NK/HV/MY-41521210/human-albumin-500x500.jpg
2346,Alcofan 50mg capsules,50 mg,capsules,12 capsules,9,Ketotifen 50 mg,Local,Analgesic and Anti-Inflammatory Agents,Kufan ??- a painkiller,abdominal or stomach pain,redness of skin,bloody or cloudy urine,clay-colored stool,convulsions,dark urine,dizziness,painful urination,,https://dkud4u09qff41.cloudfront.net/Products/b646b33c-d94b-43f1-8d90-9bff0197d911.jpeg
6344,Alcofan gel,0.025,gel,30 gm gel ,8.5,Ketotifen 0.025,Local,Topical Anti-Inflammatory Analgesic Preparations,Alcovan - anti-rheumatic pain- and local analgesic,rash,erythrema,eczema,pruritus,burning sensation,application site burin,photosensitization,,,https://masterapi.witheldokan.com/storage/khalilpharmacy/uploads/BI-ALCOFAN-150MG-20TAB.jfif
6064,Algason 40 gm Cream,0.1,Cream,40 gm Cream,28.5,"Diethylamine Salicylate 0.1, Camphor oil ,Menthol ,",Local,Topical Anti-Inflammatory Analgesic Preparations,Algazon - an anti-rheumatic pain reliever and local analgesic,,,,,,,,,,https://lh3.googleusercontent.com/proxy/CSaOOatcpM8AYqq6rEHdUyTE8xjvwnmB9qvM7ktd3qMWhpoMEl0f7q6FZrWUcoNmSxN3GwNjYj8U5ZobekTppdQ3WMNT3X7jzba_q0E2FVnsH-XKWLSVzoESADKhQLu-
3443,Alkapress 10mg. tablets,10 mg.,tablets,30 tablets,78,Amlodipine Besylate 10 mg.,Local,Antihypertensive And Anti-Anginal Agents,Alcaprese - antihypertensive,excessive tiredness,drowsiness,dizziness,nausea,stomach pain,upset stomach,headache,"swelling of legs , hands",,https://taypharmacies.com/wp-content/uploads/2023/07/alkapress-10-mg.png
3442,Alkapress 5mg. 20 tablets,5 mg.,tablets,20tablets,41,Amlodipine Besylate 5 mg.,Local,Antihypertensive And Anti-Anginal Agents,Alcaprese - antihypertensive,excessive tiredness,drowsiness,dizziness,nausea,stomach pain,upset stomach,headache,"swelling of legs , hands",,https://waelsamirpharma.com/public/uploads/all/0mLCfEPQFiaMeftSb7OATOxbYZRbnCdJJQvDCCD1.webp
12333,Alkapress Plus 10/160 tablets,10 mg./160 mg,tablets,20 tablets,76,"Amlodipine Besylate 10 mg., Valsartan 160 mg",Local,Cough Preparations ,Alcaprese Plus - anti-hypertensive drug,dizziness,increased blood urea nitrogen,orthostatic hypotension,hyperkalemia,abdominal pain,neutropenia,blurred vision,arthralgia,syncope,https://dkud4u09qff41.cloudfront.net/Products/aa5ecf0c-89a7-4c52-a6f6-a4e6e0f116ab.png
12334,Alkapress Plus 10/320 tablets,10 mg./320 mg,tablets,7 tablets,17.5,"Amlodipine Besylate 10 mg., Valsartan 320 mg",Local,Cough Preparations ,Alcaprese Plus - anti-hypertensive drug,dizziness,increased blood urea nitrogen,orthostatic hypotension,hyperkalemia,abdominal pain,neutropenia,blurred vision,arthralgia,syncope,https://i0.wp.com/taypharmacies.com/wp-content/uploads/2024/06/ALKAPRESS-TRIO-10-320-25-MG-14TAB.png?fit=1200%2C1200&ssl=1
9453,Alkapress Plus 5mg. 160mg tablets,,tablets,14 tabs,58,"amlodipine 5 mg , Valsartan 160 mg,,",Local,Cough Preparations ,Alcaprese Plus - anti-hypertensive drug,,,,,,,,,,https://taypharmacies.com/wp-content/uploads/2024/01/ALKAPRESS-TRIO-5mg-160mg-12.5-MG-14TAB.png
1228,All-Vent Syrup,,Syrup,125 ml suspension,22,"Bromohexine 4mg., Terbutaline 1.25 mg.,Guaiphenesin 50 mg ,",Local,Cough Preparations ,Ol-Vint - expectorant - with bronchodilator,bloatedness,headache,dizziness,diarrhea,indigestion,nausea,sweating,skin rash,,https://eilajik.com/wp-content/uploads/2024/10/%D8%B4%D8%B1%D8%A7%D8%A8-%D8%A7%D9%88%D9%84%D9%81%D9%86%D8%AA-%D9%88%D8%AF%D9%88%D8%A7%D8%B9%D9%8A-%D8%A7%D8%B3%D8%AA%D8%B9%D9%85%D8%A7%D9%84%D9%87.jpg
1009,Amaryl 3 mg. tablets,3 mg.,tablets,30 tablets,61.5,Glimepiride 3 mg.,Local,Anti diabetic Agents ,Amaryl - for treating diabetics - an insulin secretion stimulant,nausea,vomiting,headache,dizziness,weakness,weight gain,hypoglycemia,lightheadedness,,https://encrypted-tbn0.gstatic.com/images?q=tbn:ANd9GcTj-pE1bHjQzX92hmRXU4kkwv45GYXuEtcAYg&s
80,Amrizole Rectal suppositories,100 mg.,Rectal suppositories,5 Rectal Suppositories ,10,Metronidazole 100 mg.,Local,Antidiarrheal Drugs,Amrizol - an intestinal antiseptic and anti-diarrheal,depression,trouble sleeping,headache,dizziness,nausea,vomiting,loss of appetite,unpleasant taste,vaginal itching or discharge,https://encrypted-tbn0.gstatic.com/images?q=tbn:ANd9GcTEYWCwpoOZwVqLo7DeyCF96-YACU4Uk2C8IQ&s
519,Antodine 20mg ampoules,20 mg/2ml.,Ampoules,3 ampoules,27,Famotidine 20 mg/2ml.,local,drugs for Peptic and Duodenal Ulcers ,Entodine - to treat stomach and duodenal ulcers and acidity,anxiety,bleeding gums,loosening of skin,"black,tarry stool",difficulty breathing,discouragement,racing heartbeat or pulse,,,https://lh6.googleusercontent.com/proxy/ZHCz1nEkzuWz9S82bHJdgBBqIFlQcoGhaenS2bmxIxPB49mXUFjnXeS2q6RKLHfUyFBtXEmPa2h_kRJosY1ZmKEy6ZvaUzMMH9YgFdgXuWdUqqyiN1BmYY8UJoiE3_s-pALi
518,Antodine 20mg. tablets,20 mg.,tablets,30 tablets,36,Famotidine 20 mg.,local,drugs for Peptic and Duodenal Ulcers ,Entodine - to treat stomach and duodenal ulcers and acidity,anxiety,bleeding gums,loosening of skin,"black,tarry stool",difficulty breathing,discouragement,racing heartbeat or pulse,,,https://lh4.googleusercontent.com/proxy/wku72nE5l1epbeXa5PXnPhxR2Dqj8pq79d6EL1XKY6m-he2h7v3KwYk0Q__D7Arx2HJs22qwSCIW2yr6VzA-mcEVXWN0iRpbHJGc1RA5AvfNkrp5YgNMgkOXaDcKAn6Z4A
2201,Apple lite tablets,,tablets,30 tablets,21,"Apple fibre 500 mg., Applogel 50 mg,,",Local,Weight Control & Appetite Suppressants ,Apple Light - reduces appetite for eating - for weight loss,,,,,,,,,,https://m.media-amazon.com/images/I/61jXwsjJrlL.jpg
5743,Aptamil 1 baby milk,,can,400 gm Powder,160,Vitamin B1 ,Import,Baby Milk Powder And Other babies & Adults Food ,Aptamil-1 - powdered milk suitable for infants up to six months of age,,,,,,,,,,https://cdn.prod.website-files.com/6437761ef8b750592677938e/6437761ef8b7503ca5779414_RTB-First%20Infant%20Milk%20Formula.png
5761,Aptamil 2 baby mil,,can,450 gm powder,160,Vitamin B1 ,Import,Baby Milk Powder And Other babies & Adults Food ,Aptamil-2 - powdered milk suitable for infants up to six months of age,,,,,,,,,,https://i0.wp.com/italiaverace.com/wp-content/uploads/2024/04/152994_1.jpg?fit=1347%2C1500&ssl=1
7738,Aranesp 30mcg. Syringe,30 mcg.,Syringe,0.5 ml syringe,3119,Darbepoetin Alfa 30 mcg.,Import,Simple And MultiVitamins ,Aranesp - to treat anemia resulting from kidney failure,accumulation of pus,"arm , back , jaw pain",breathing problems,chest pain or discomfort,confusion,cough producing mucus,decrease in the amount of urine  ,dilated neck veins,,https://lh6.googleusercontent.com/proxy/axgPNo_oomSwEenllF3IxRO78X2MEqVEUxgSkML-0fYx5VWikz8WSnKdg5RVWUzp8dCv4dqvybKUkG9kUuM-X9z1jod-YH46CcmPURdW-3Dl7zvDkUdlqFGVBm8pInRRZw
1426,Atrovent 250mcg Inhalation solution,250mcg,Inhalation solution,20 Vials Inhalation s,125,Ipratropium Bromide 250mcg,Import,Drugs of Bronchial Asthma and respiratory problems,Atrovent - anti-dyspnea-bronchodilator,,,,,,,,,,https://lh6.googleusercontent.com/proxy/nGDg973HpzCZXaWhgQ3A2yXQXXeCk9Juu9UyCgXLclVQ3BMdyYp-Lqk8pyuSq1zFsDmUWJGdjwTraX6McBZ4r3e8QTbfIweyA0vQPOXBSHH3ESQg8MK8-gMrXLMuqaxM
1428,Atrovent 500mcgm inhalation solution,500 mcgm,Inhalation solution,20 Vials Inhalation s,137.5,Ipratropium Bromide 500 mcgm,Import,Drugs of Bronchial Asthma and respiratory problems,Atrovent - anti-dyspnea-bronchodilator,,,,,,,,,,https://lh3.googleusercontent.com/proxy/mu8SMqFk-fqeRA2F4Qc5MXuPm2pgX8bqIrixB2ZkJgmDxpi-hXsQPrEZ_Iy47V_vllF0dOVUUNWaEEbJkknVRRhiXmJW6yWh9sWjbXkuE3qXEnitFY_kP8gy8jJz6Lz7LfKgrBLu
2822,Augmentin 1gm.tablets,1000,tablets,14 tablets,131,"Amoxycillin 800 mg., Clavulanic Acid 200 mg/5ml. ",Local,Antimicrobials,Augmentin - a broad spectrum antibiotic,nausea,vomiting,diarrhea,itching,rash,vaginal itching,diaper rash,headache,,https://dkud4u09qff41.cloudfront.net/Products/f73bff8b-dcf9-401b-a05e-e93d28b8de70.jpeg
5096,Betadine Shampoo,0.075,Shampoo,120 ml shampoo,80,Povidone Iodine 0.075,Local,Hair Tonic And Dandruff Preparations,Betadine - to treat dandruff,,,,,,,,,,https://encrypted-tbn0.gstatic.com/images?q=tbn:ANd9GcSCMnuc-uxRL7M34gts4sXAFKC5WVsQTP8Esg&s
4477,Betadine vaginal Douch,200 mg/20ml ,vaginal Douch,120 ml Vaginal Douch,73,Povidone Iodine 200 mg/20ml ,Local,Preparations Of Vaginal Diseases,Betadine - vaginal rinse - antimicrobial,,,,,,,,,,https://cdn.salla.sa/gZVWBw/85336439-bce1-4226-81e6-6cd467ab5a81-1000x1000-a9LhTHNJJrrTScsvIOIlVg4yqyFJCNPFPZ4uYWI8.png
11151,Betadine Vaginal suppositories,200 mg.,vag suppositories,14 Vaginal Suppositories,16.5,Povidone Iodine 200 mg.,Local,Preparations Of Vaginal Diseases,Betadine - vaginal rinse - antimicrobial,,,,,,,,,,https://www.carencurepharmacy.com/cdn/shop/products/22415.jpg?v=1622011012
7497,Betafos ampoules,,Ampoules,1 ampoule,21,"Betamethasone Dipropionate , Betamethasone ",Local,Systemic Corticosteroids,Betafos - anti-allergy - cortisone,,,,,,,,,,https://www.bloompharmacy.com/cdn/shop/products/betafos-2-ml-1-ampoule-918783.jpg?v=1687732055&width=1024
4516,Betnovate Cream,0.001,Cream,15 gm ,6.900000095,Betamethasone valerate 0.001,Local,Topical Preparations contain Corticosteroids,Betnovate - anti-allergic and anti-itch - cortisone,acne or pimples,burning and itching of skin,increased hair growth on forehead,lightening of normal skin color,lightening of treated areas of dark skin,softening of skin,reddish purple lines on arms,,,https://www.careandfood.com/image/cache/catalog/06285097001855-1000x1000.jpg
2345,Bi-profenid tablets,150 mg.,tablets,20tablets,37,Ketoprofen 150 mg.,Local,Analgesic and Anti-Inflammatory Agents,Piprofenide - pain reliever - anti-rheumatic,,,,,,,,,,https://tdawi.com/media/catalog/product/cache/c02fd180406f0a5f799ad7095a14ddcd/b/i/biprofenid_150_mg_5__fupoq1k7wbhzuvnm.jpg
3419,"Blokium	 100mg. tablets",100 mg.,tablets,15 tablets,11.80000019,Atenolol 100 mg.,Local,Antihypertensive And Anti-Anginal Agents,Blocium - antihypertensive,blurred vision,confusion,"cold hands , feet",difficult breathing,sweting,shortness of breath,tightness in chest,"dizziness , faintness",,https://encrypted-tbn0.gstatic.com/images?q=tbn:ANd9GcRWfrJkeDnzTXRNEboocUh7yHm7tASQ8p0IDw&s
4820,Bringo lotion,,lotion,120 ml lotion,60,"Zinc Oxide 8gm, Thymus Vulgaris Oil Extract 0.01,chamomile extract 100 mg.,",Local,Topical Skin Care Diaper-Rash and Sun-Screen Preparations,"Bringo - anti-itch, anti-allergy and soothing",,,,,,,,,,https://www.bloompharmacy.com/cdn/shop/files/bringo-lotion-120-ml-171830.jpg?v=1727706081
1288,Bronchicum Elixir,1 mg/ml.,Elixir,100 ml Elixir,45,"Thymus Vulgaris Oil Extract 1 mg/ml., Primua Root Extract 0.025,,",Local,Cough Preparations ,Bronchicum is a natural herb - expectorant - soothing cough,,,,,,,,,,https://encrypted-tbn0.gstatic.com/images?q=tbn:ANd9GcQXPgdtNLwaWXkBgDiuLT312nuHjNaa-et8IA&s
2302,Brufen 600mg sachet,600 mg/sachet.,sachets,20 sachets,80,Ibuprofen 600 mg/sachet.,Local,Analgesic and Anti-Inflammatory Agents,Ibuprofen - analgesic and anti-rheumatic,wind,indigestion,vomiting,nausea,headache,feeling sick,abdominal pain,frequent urination,,https://encrypted-tbn0.gstatic.com/images?q=tbn:ANd9GcT07mucYkPABbh8crThFDbTHZlhhdFkd_-yGQ&s
2277,Cataflam 50mg tablets,50 mg,tablets,20 tablets,62,Diclofenac Potassium 50 mg,Local,Analgesic and Anti-Inflammatory Agents,Cataflam- analgesic and antirheumatic,Upset stomach,Nausea,Heartburn,Diarrhea,Constipation,Headache,Blurred vision,Gas,,https://encrypted-tbn0.gstatic.com/images?q=tbn:ANd9GcQv2QJ8TGRBPN6-Du-fXKtiC7LRfD38qoiWJQ&s
2278,Cataflam 75mg. ampoules,75 mg.,Ampoules,6 ampoules,83,Diclofenac Potassium 75 mg.,Local,Analgesic and Anti-Inflammatory Agents,Cataflam- analgesic and antirheumatic,Upset stomach,Nausea,Heartburn,Diarrhea,Constipation,Headache,Blurred vision,Gas,,https://encrypted-tbn0.gstatic.com/images?q=tbn:ANd9GcQwvkswdk9sQj7ymsBL30InjC9bZgoI10YyAQ&s
2017,Centrum tablets,1 mg.,tablets,100 tablets,160,"Multi-Vitamins & Minerals 1 mg., Minerals 1 mg",Import,Simple And MultiVitamins ,Centrum - multivitamins - general tonic,nausea,vomiting,diarrhea,constipation,heartburn,stomach pain,black or dark colored stool or urine,temporary staining of teeth,,https://m.media-amazon.com/images/I/61BjbhD9BhL._AC_SL1500_.jpg
2518,Cetal 500mg. tablets,500 mg.,tablets,20tablets,13,Paracetamol 500 mg.,Local,Analgesic and Anti-Inflammatory Agents,Cital - analgesic - antipyretic,,,,,,,,,,https://cdn.chefaa.com/filters:format(webp)/public/uploads/products/cetal-tablets-500gm-01673528150.png
11231,Cidophage 1000mg. tablets,1000 mg.,tablets,20 tablets,18,Metformin Hcl 1000 mg.,Local,Anti diabetic Agents ,Cidophag - for treating diabetics,abdominal or stomach discomfort,cough or hoarseness,decreased appetite,fast or shallow breathing,fever or chills,general feeling of discomfort,muscle pain or cramping,sleepiness,,https://media.gemini.media/img/wide/2021/8/5/2021_8_5_18_23_58_133.jpg
9065,Cipro 500mg. tablets,500 mg.,tablets,20tablets,72,Ciprofloxacin 500 mg.,Local,Antimicrobials,Cipro - contraindications - is not suitable for children under 12 years of age,redness or discomfort in eyes,diarrhea,bad taste in mouth,nausea,vomiting,white specks on surface of eye,,,,https://medecify.com/storages/2025/02/E-D-A-E-B-D-E-F-FBE-D-3000x3220.jpeg
12427,Ciprofloxacin 500mg. 10 tablets,500 mg.,tablets,10 tablets,37.5,Ciprofloxacin 500 mg.,Local,Antimicrobials,Ciprofloxacin - contraindications - is not suitable for children under 12 years of age,redness or discomfort in eyes,diarrhea,bad taste in mouth,nausea,vomiting,white specks on surface of eye,,,,https://encrypted-tbn0.gstatic.com/images?q=tbn:ANd9GcSNk6J1Rj5wGLleqYZJy6DHbJL9t_fdkmBM2A&s
12882,Cleocin 50 gm Cream,,Cream,50 gm Cream,98,"Calendula , Aloe Vera Extract ,Tea Tree Oil ,",Import,Topical Skin Care Diaper-Rash and Sun-Screen Preparations,Cleocin - moisturizer and treatment for cracked skin,,,,,,,,,,https://4eshopping.com/assets/images/products/7613861679218066.webp
18140,Doliprane 1 gm 15 tablets,1000,tablets,15 tablets,28.5,Paracetamol 1000 mg. ,Local,Analgesic and Anti-Inflammatory Agents,Dolipran - analgesic - antipyretic,,,,,,,,,,https://encrypted-tbn0.gstatic.com/images?q=tbn:ANd9GcRnV8LXmOmq34tY3vnVbcrzBnJT1B9xnc_C3A&s
449,Epicogel suspension,,suspension,180 ml suspension,12,"Aluminum Hydroxide Gel 405 mg, Magnesium Hydroxide 100 mg.,Dimethicone,",Local,Antacid Preparations,Epicogel - HCl neutralizer - antacid,Nausea,Vomiting,Rebound hyperacidity,Aluminum-intoxication,ow blood phosphates (hypophosphatemia),Chalky taste,Constipation ,Fecal impaction,,https://sidalih.com/cdn/shop/files/aybykojyl-125-ml-maalk-521200.jpg?v=1724961471
12345,Erastapex CO 5/20 tablets,5/20,tablets,30 Coated tablets. ,63,"Amlodipine Besylate 5 mg., Olmesartan 20 mg",Local,Antihypertensive And Anti-Anginal Agents,Erastabex Co - to treat high blood pressure,,,,,,,,,,https://www.bloompharmacy.com/cdn/shop/files/erastapex-co-5-mg-20-mg-30-tablets-420119.jpg?v=1735327098
8347,Examide 10mg. tablets,10 mg.,tablets,30 tablets,63,Torsemide 10 mg.,Local,Diuretics and Potassium Preparations,Oxamide - for diuresis and lowering high blood pressure,Chest pain,decreased urination,increased thirst,irregular heartbeat,mood changes,muscle pain or cramps,Nausea or vomiting,Numbness in hands,,https://www.bloompharmacy.com/cdn/shop/products/examide-10-mg-30-tablets-691282.jpg?v=1694881990
3519,Ezapril 10mg. tablets,10 mg.,tablets,20tablets,25,Enalapril maleate 10 mg.,Local,Antihypertensive And Anti-Anginal Agents,Izapril - antihypertensive drug,headache,diarrhea,blurred vision,itching or mild rash,tickly cough,,,,,https://encrypted-tbn0.gstatic.com/images?q=tbn:ANd9GcTRlim85BjTIe-yGldJXMaRM0yDR9RXDpt3bg&s
7865,Gentadex eye drops,0.3% - ,eye drops,10 ml. eye drops,12,"Gentamicin 0.3% - , Dexamethasone 0.001,,",Import,Eye and Ear Preparations,Gentadex - antibiotic + corticosteroid,,,,,,,,,,https://encrypted-tbn0.gstatic.com/images?q=tbn:ANd9GcR_DwvT5RgHeonG6dZi8cISuEJ_z9bGJbgHVA&s
7153,GTN Cream,,Cream,30 gm ointment,30,Glyceryl trinitrate 0.4% --> Vasodilating agent nitrates like action ,Import,Local Anti-hemorroidals and Piles Preparations,GTN - for the treatment of hemorrhoids and anal fissures,,,,,,,,,,https://encrypted-tbn0.gstatic.com/images?q=tbn:ANd9GcRi8NPeF2ZepD8AHQk3wCpgl1iBPk5RWQT_qQ&s
1302,Guava Syrup,1 mg.,Syrup,120 ml Syrup,25,"Guava Leaf Extract 1 mg., Tilia flowers 1 mg.,fennel oil,",Local,Cough Preparations ,Guava is a natural herb - expectorant - soothing cough,temporary nausea,temporary nausea,stomach pain,dizziness,bkurred vision,nausea,vomiting,trouble sleeping,headache,https://lh6.googleusercontent.com/proxy/1fUhNsj7syKy9h5GfCTGqkwJ1Rr3dTypXQ3SMWmpz4iAmyuriGKW1iEmOGu5rHRCKG_iYpHD8Xmm9osCsSzkqCqodqV00NHy6Q5xC9Hoc1_YdJSzGJU
12250,Heli-cure tablets,50/20,tablets,14 tablets,105,"Doxycycline 50 mg., Omeprazole 20 mg.,Tinidazole500 mg.,",Local,Antimicrobials,Helly Cure: for stomach ulcers caused by Helicobacter,,,,,,,,,,https://tdawi.com/media/catalog/product/cache/c02fd180406f0a5f799ad7095a14ddcd/h/e/heli-cure_3__3vqroc2ykhba17lq.jpg
4988,Hemoclar Cream,0.005,Cream,40 gm Cream,23.5,Sodium pentosan polysulphate 0.005,Local,Topical Anti-Thrombic & Anti-edema Preparations,Hemoclar - to treat bruises and swelling,,,,,,,,,,https://cdn.chefaa.com/filters:format(webp)/public/uploads/products/hemoclar-cream-05-40-gm-01724065872.png
2525,Panadol ActiFast capsules,,capsules,24 tablets,41,Vitamin B1 ,Import,Analgesic and Anti-Inflammatory Agents,Panadol Along - pain reliever - antipyretic,,,,,,,,,,https://i-cf65.ch-static.com/content/dam/cf-consumer-healthcare/health-professionals/en_SA/pain-relief/Panadol_Actifast.jpg?auto=format
6034,Panadol advance 500mg. tablets,500 mg.,tablets,24 tablets,31,Paracetamol 500 mg.,Import,Drugs for Common Cold & Influenza ,Panadol - pain reliever - antipyretic,,,,,,,,,,https://encrypted-tbn0.gstatic.com/images?q=tbn:ANd9GcRMiCYC4lBVQ7H2_5AM8PYSikbyoOut0xHvfQ&s
1505,Panadol cold & Flu capsules,,capsules,24 caplets,36.5,"Paracetamol 500 mg., Pseudoephedrine 300 mg., ChloroPheniramine maleate 2 gm.,",Import,Drugs for Common Cold & Influenza ,Panadol Cold & Flu - to treat cold and flu symptoms,,,,,,,,,,https://i-cf65.ch-static.com/content/dam/cf-consumer-healthcare/panadol-reborn/en_ME/product-detail/380x463-new/Cold-n-Flu-All-in-One-p.png?auto=format
9859,Panadol extra tablets,,tablets,24 tablets,34,Vitamin B1 ,Local,Analgesic and Anti-Inflammatory Agents,Panadol Extra - pain reliever - antipyretic,,,,,,,,,,https://tdawi.com/media/catalog/product/cache/c02fd180406f0a5f799ad7095a14ddcd/p/a/panadol_extra_ukhgfs0nxks9x4dd.jpg
9856,Panadol joint 500mg. tablets,500 mg.,tablets,24 tablets,65,Paracetamol 500 mg.,Local,Drugs for Common Cold & Influenza ,Panadol Joint - analgesic for joint pain,,,,,,,,,,https://encrypted-tbn0.gstatic.com/images?q=tbn:ANd9GcRcbNYQjiXJROzbHRYNVEQwKyjMi606xy90-w&s
4337,Panadol Night capsules,,capsules,20 caplets,80,"Paracetamol 500 mg., Diphenhydramine hcl 2 gm",Import,Drugs for Common Cold & Influenza ,Panadol Night - analgesic - helps sleep,,,,,,,,,,https://i-cf65.ch-static.com/content/dam/cf-consumer-healthcare/health-professionals/en_PK/pain-relief/panadol/panadol-night.png?auto=format
6035,Panadol Oblong tablets,,tablets,24 tablets,27,"Paracetamol 500 mg., Phenyl Ephrine Hcl 5 mg.,Caffeine25mg.,",Import,Analgesic and Anti-Inflammatory Agents,Panadol Along - pain reliever - antipyretic,,,,,,,,,,https://encrypted-tbn0.gstatic.com/images?q=tbn:ANd9GcRw-_I0LiLUBmXLV9m3KqvMOQboCZRIjycZzQ&s
14860,Panthenol Panax Cream,0.1,Cream,25 gm Cream,15,Panthenol 0.1,Local,Topical Skin Care Diaper-Rash and Sun-Screen Preparations,Panthenol Panax - helps heal wounds and cracks,,,,,,,,,,https://m.media-amazon.com/images/I/51KuNDfz8WL.jpg
2712,"Penadur	 1.200000 iu Vial",1.200000 iu,Vial,1Vial,6.099999905,Penicillin 1.200000 iu,Import,Antimicrobials,Benadur - for prevention after tonsillectomy -...etc,,,,,,,,,,https://www.rosheta.com/upload/dc52c92544d5522cfa4a56d1241ec53bd1df4238465cb0020364c741715d8e1f.webp
4824,Calamyl lotion,8%,lotion,120 ml Bottle,30.00,"Calamine 0.08, Diphenhydramine 0.001, Zinc oxide 0.08,",Local,Topical Skin Care Diaper-Rash and Sun-Screen Preparations,"Clamyl- anti-itch, anti-allergy and soothing",,,,,,,,,,https://cdn.supercommerce.io/sally/uploads/136643.webp
2961,Ceclor 125mg. suspension,125 mg/5ml.,suspension,75 ml. Bottle,42.50,Cefaclor Monohydrate 125 mg/5ml.,Local,Antimicrobials,Ciclor - a broad spectrum antibiotic,lack of energy,feeling faint,joint pain,watery or blood stool,stomach cramps,fever during treatment,sore throat,chills,,https://product.dawaai.pk/800/agpcec24605_1654861747_1.webp
2965,Cefaclor 500mg. capsules,500 mg.,capsules,12 capsules ,31.50,Cefaclor Monohydrate 500 mg.,Local,Antimicrobials,Cefaclor - broad spectrum antibiotic,lack of energy,feeling faint,joint pain,watery or blood stool,stomach cramps,fever during treatment,sore throat,chills,,https://encrypted-tbn0.gstatic.com/images?q=tbn:ANd9GcQriQIR-rRTA40nR-mkPtsSDaFI4oKdLL03ZQ&s
7220,Cliosone Cream,0.10%,Cream,15 gm. Tube,6.50,"Betamethasone Dipropionate 0.001, Cliquinol 0.03,,",local,Topical Preparations contain Corticosteroids,Clioson - cortisone derivative with antimicrobial,,,,,,,,,,https://encrypted-tbn0.gstatic.com/images?q=tbn:ANd9GcT6iIkOucbZJ7NkSrIJ3UCSAeRE9zYpIk7SMg&s
3428,Concor 10mg. tablets,10 mg.,tablets,30 tablets,70.50,Bisoprolol Fumarate 10 mg.,Local,Antihypertensive And Anti-Anginal Agents,Concor - anti-hypertensive drug,,,,,,,,,,https://dev.spirit.com.kw/storage/product/934/127.webp
3426,Concor 5mg tablets,5mg,tablets,30 tablets,51.00,Bisoprolol 5mg,Local,Antihypertensive And Anti-Anginal Agents,Concor - anti-hypertensive drug,,,,,,,,,,https://dev.spirit.com.kw/storage/product/2082/128.webp
8381,Concor cor 2.5mg. tablets,2.5 mg.,tablets,30 tablets,40.50,Bisoprolol Fumarate 2.5 mg.,Local,Antihypertensive And Anti-Anginal Agents,Concor Cor - anti-analgesia and high blood pressure,nausea,vomiting,diarrhea,constipation,headache,cold hands or feet,feeling dizzy,,,https://dev.spirit.com.kw/storage/product/2084/130.webp
3851,Daflon 500 tablets,,tablets,30 tablets,128.00,"Diosmin 500 mg., Hesperdin 50 mg ",Local,Drugs improve Vascular sufficiency,Daflon - a blood vessel tonic,,,,,,,,,,https://i5.walmartimages.com/seo/Daflon-500mg-tablets-for-Heavy-Legs-in-Adults-60-tablets_301f844c-44a5-4c6a-82e8-ffe73280bc9c.1712b2c4a7d50bc7facc870ccabb8922.jpeg
5716,Danset 4mg ampoules,4mg/2 ml,Ampoules,3 ampoules,82.50,Ondansetron 4mg/2 ml,Local,Chemotherapeutics and Drugs Affecting Immunoresponse,Dunst - antiemetic due to cancer drugs,,,,,,,,,,https://cdn.supercommerce.io/sally/uploads/139882.webp
5717,Danset 8mg ampoules,8 mg / 4ml,Ampoules,3 ampoules,142.50,Ondansetron 8 mg / 4ml,Local,Chemotherapeutics and Drugs Affecting Immunoresponse,Dunst - antiemetic due to cancer drugs,,,,,,,,,,https://cdn.supercommerce.io/sally/uploads/139883.webp
17975,Davalindi 10.000 I.U. capsules,10.000 I.U. ,capsules,30 tablets,52.00,Cholecalciferol (D3) 10.000 I.U.,Local,Simple And MultiVitamins ,Davalindi - D deficiency + rickets + osteomalacia,nausea,vomiting,constipation,loss of appetite,increased thirst,increased urination,mental/mood changes,unusual tiredness,,https://cdn.chefaa.com/filters:format(webp)/public/uploads/products/davalindi-1000-iu-100-tablets-01719495999.png
752,Dexamethasone 4mg 3 ampoules,4mg/1ml ,Ampoules,3 ampoules,20,Dexamethasone 4mg/1ml ,Local,Systemic Corticosteroids,Dexamethasone - anti-allergic - cortisone,,,,,,,,,,https://lh5.googleusercontent.com/proxy/RIIKwijGEtHXBOKRT0nU-cl7hBi2T7wiV2GN4p0z4LpHnAnkLKyj48I3tnKv87wmhAbphF7T2b-DiPN8VgGZrGVHdzU06U8Dzf4kVgPG-z2d2Nd99EluSOMlEwajDcl-H57ymZg
3824,Dicynone 250mg. tablets,250 mg.,tablets,20tablets,23.50,Etamsylate 250 mg.,Local,Anti-hemorrhagic and Haemostatic Agents,Dicinone - anti-bleeding,Headache,Nausea,Vomiting,Stomach pain,Weakness,Discomfort,Skin rashes,Injection site reaction,,https://pharmazone.com/cdn/shop/files/21155_000_001_c5b69332-65b4-4cd9-ab34-bf2adefc4dbc.png?v=1743100933
3825,Dicynone 500mg. tablets,500 mg.,tablets,14 tablets,68.00,Etamsylate 500 mg.,Local,Anti-hemorrhagic and Haemostatic Agents,Dicinone - anti-bleeding,Headache,Nausea,Vomiting,Stomach pain,Weakness,Discomfort,Skin rashes,Injection site reaction,,https://www.bloompharmacy.com/cdn/shop/files/dicynone-500-mg-14-tablets-636455.jpg?v=1725997557
12914,Diflucan 50mg. capsules,50 mg.,capsules,7 capsules,95.25,Fluconazole 50 mg.,Local,Anti-Fungal drugs ,Diflucan - for skin and vaginal fungal infections,Tiredness,Headache,stomach pain,dehydration,diarrhea,nausea,vomiting,,,"https://static.wixstatic.com/media/08b594_adf116c637b940d080c9f3c2d09b7ead~mv2.png/v1/fit/w_500,h_500,q_90/file.png"
7030,Ebixa 10mg. tablets,10 mg.,tablets,28 tablets,362.50,Memantine 10 mg.,Import,Antiparkinsonian alzheimer's disease and CNS Stimulant Agents,Apexa 10 - to treat Alzheimer's disease - senile dementia,"bloating or swelling of face , arms",headache,nervousness,pounding in ears,rapid weight gain,slow or fast heartbeat,tingling of hands and feet,unusual weight gain or loss,,https://encrypted-tbn0.gstatic.com/images?q=tbn:ANd9GcQMUQcShHUpekJVkFxwYyPd-LEoHu-6vVzsLQ&s
14324,Ecoderm 1% lotion,1%,lotion,20 ml lotion,5.50,Econazole Nitrate 0.01,Local,Anti-Fungal drugs ,Ecoderm - topical application for tinea and fungi,,,,,,,,,,https://www.rosheta.com/upload/b7a61cd3f1d496067dd3c9e1099ee28c6404a53129502ef9690bb64f4df3248a.webp
6074,Efexor XR 75mg. capsules,75 mg.,capsules,14 capsules,122.00,Venlafaxine Hcl 75 mg.,Import,Antidepressant drugs ,Effexor - antidepressant and mood enhancer,Headache,Dry mouth,Feeling dizzy,Feeling sleepy,Insomnia,Constipation,Sweating and hot flushes,,,https://www.bloompharmacy.com/cdn/shop/products/efexor-xr-75-mg-14-capsules-519133.jpg?v=1744244868
3194,Epinor 400mg. tablets,400 mg.,tablets,14 tablets,21.60,Norfloxacin 400 mg.,Local,Antimicrobials,Epinor - an antidote - is not suitable for children under 12 years of age,,,,,,,,,,https://encrypted-tbn0.gstatic.com/images?q=tbn:ANd9GcTsFRbL83SF5pj3CgFd1Ni1L9bFpwY5xGPm_w&s
7447,Extrauma Cream,280 i.u./100gm,Cream,25 gm Cream,18.00,Recombinant Hirudin 280 i.u./100gm,Local,Topical Anti-Thrombic & Anti-edema Preparations,Extrauma - to treat bruises and swelling,,,,,,,,,,https://cdn.chefaa.com/filters:format(webp)/public/uploads/products/extrauma-forte-dna280-i-ucream-25mg-01721497782.png
18635,Fast freeze Gel,,Gel,100 gm gel,98.00,Camphor oil Menthol,Local,Topical Anti-Inflammatory Analgesic Preparations,Fast Freeze - anti-rheumatic pain and topical analgesic,,,,,,,,,,https://cdn.chefaa.com/filters:format(webp)/public/uploads/products/fast-freeze-gel-100-gm-wyj2-01670786374.png
14498,Feburic 120mg. tablets,120 mg.,tablets,10 tablets,42.00,Febuxostat 120 mg.,Local,Gout And Hyperuricemia,Feburic - to reduce gout salts,Anxiety,unpleasent taste,body aches or pain,breast pain,bruising,burning feeling in the stomach,,reddening of the skin,tingling feelings,https://encrypted-tbn0.gstatic.com/images?q=tbn:ANd9GcQhyNYPR1q20LBua6ZhxrU81-xw0FQ4WRsKzw&s
10392,Feburic 80mg. tablets,80 mg.,tablets,30 tablets,139.50,Febuxostat 80 mg.,Local,Gout And Hyperuricemia,Feburic - to reduce gout salts,Anxiety,unpleasent taste,body aches or pain,breast pain,bruising,burning feeling in the stomach,,reddening of the skin,tingling feelings,https://encrypted-tbn0.gstatic.com/images?q=tbn:ANd9GcTfGI4xRerRVMpLQaGrrsXvcvRbpEoIX_0JYw&s
4946,Feldene Gel,0.50%,Gel,15 gm,15.00,Piroxicam 0.005,Local,Topical Anti-Inflammatory Analgesic Preparations,Feldane - anti-rheumatic pain - and local analgesic,,,,,,,,,,https://aymanpharmacy.com/wp-content/uploads/2022/01/google.com-embedded-2022-01-11T202930.922.jpeg
4819,Fenistil Gel,0.10%,Gel,20 gm. gel,8.00,Dimetindene Maleate 0.001,Local,Topical Skin Care Diaper-Rash and Sun-Screen Preparations,Fenistil - for skin allergies,,,,,,,,,,https://i-cf65.ch-static.com/content/dam/cf-consumer-healthcare/fenistil-new/master1/dtlayout/products/desktop_04_1a.png?auto=format
14708,Fucidin Ointment,1%,ointment,15 gm ointment,30.00,Fusidic Acid 0.01,Local,Topical Anti-Microbial Preparations,Fucidin - a topical antibiotic,itchy rash,inflammation to your skin,contact dermatitis,irritation,burning sensation,dry skin,,,,https://encrypted-tbn0.gstatic.com/images?q=tbn:ANd9GcQY5tm-g_M6eI10hPjnHrSE9GZd11AR6L3B8Q&s
9598,Gaviscon suspension,1gm.,suspension,150 ml. Bottle,75.00,"Sodium Alginate 1gm., Potasium Bicarbonate ",Import,Antacid Preparations,Gaviscon - hydrochloric acid neutralizer - for stomach acidity,,,,,,,,,,https://encrypted-tbn0.gstatic.com/images?q=tbn:ANd9GcSeAxFOMQtAWDbgnqzDNV3-rmqkEkHEkB9_tw&s
1773,Haemojet syrup,50 mg.,syrup,100 ml Syrup,37.50,Iron Hydroxide Polymaltose 50 mg.,Local,Simple And MultiVitamins ,Hemojet - anemia resulting from iron deficiency,nausea or vomiting,stomach discomfort or heartburn,losing your appetite,constipation,diarrhea,darker than usual poo,black stained teeth,cramps,,https://abdinpharmacies.com/web/image/product.template/27166/image_1024?unique=8f5ca38
5084,Hair Back 2% lotion,2%,lotion,100 ml Lotion,111.00,Minoxidil 0.02,Import,Hair Tonic And Dandruff Preparations,Hairpack - for hair growth,,,,,,,,,,https://lh6.googleusercontent.com/proxy/9iLNKyLBn6Fkza1VnSMnZL2jOY9CVu1myegAWQGhJhZnRtQpeEDPOxuMhMZVZL-8Ntx7GNmvwuK195xNcFdYflgBsLu9xTtdXkb7Zd6Z63XuWwUJbkYcgmH8HXze2HUDG_vFm7hgM1nFjQXi_w
5221,Item 60ml. Shampoo,0.40%,Shampoo,60 ml bottle,30.00,D-Phenothrin 0.004,Local,Lice And Scabis Preparations,Aitam - to get rid of head lice,,,,,,,,,,https://m.media-amazon.com/images/I/61Bn-SOXtZL.jpg
15320,Kokast 10mg. tablets,10 mg.,tablets,10 tablets,36.00,Montelukast sodium 10 mg.,Local,Drugs of Bronchial Asthma and respiratory problems,Cocast - anti-shortness of breath - to prevent asthma attacks,A mild rash,feeling or being sick,stomach pain,dehydration,,,,,,https://encrypted-tbn0.gstatic.com/images?q=tbn:ANd9GcQCSoVFKbCU9jwRTNPOh1qkE-0xtOYz-b6B7A&s
6216,Kokast 4mg. chewable tablets ,4mg.,chewable tablets ,7 chewable tablets,27.00,Montelukast sodium 4mg.,Local,Drugs of Bronchial Asthma and respiratory problems,Cocast - anti-shortness of breath - to prevent asthma attacks,A mild rash,feeling or being sick,stomach pain,dehydration,,,,,,https://cdn.supercommerce.io/sally/uploads/139694.webp
3848,"K-viton	 10mg. tablets",10 mg.,tablets,20tablets,7.50,Vitamin K4 10 mg.,Local,Anti-hemorrhagic and Haemostatic Agents,K Viton - anti-bleeding,decreased appetite,decreased movement or activity,difficulty in breathing,enlarged liver,general body swelling,muscle stiffness,paleness,yellow eyes or skin,,https://lh6.googleusercontent.com/proxy/zVdMv79oM7bETftdmSoXul236LSy9BrJtFc_dsHmrwHLmB124xtBNJA6mRm0fWItWy5qhkyl59B1Yt6YVUqNdb1rqAhfMOPn9RdJTyCZF3OLaskot_9_7Sjsrp1Ntw
5934,Lamifen Cream,1%,Cream,15 gm. Tube,14.50,Terbinafin Hcl 0.01,Local,Anti-Fungal drugs ,Lamisil - topical antifungal,,,,,,,,,,https://aymanpharmacy.com/wp-content/uploads/2022/01/google.com-embedded-2022-01-10T143130.518.jpeg
2291,Rapidus 50mg tablets,50 mg,tablets,20tablets,29.00,Diclofenac Potassium 50 mg,Local,Analgesic and Anti-Inflammatory Agents,Rapidus - analgesic and anti-rheumatic,Upset stomach,Nausea,Heartburn,Diarrhea,Constipation,Headache,Blurred vision,Gas,,"https://m.media-amazon.com/images/I/411hTZlZ-dL._AC_UF1000,1000_QL80_.jpg"
5016,"Retin-A	 0.05% Gel",0.05%,Gel,30 gm gel ,22.02,Tretinoin 0.05,Import,Topical & Systemic Acne Preparations,Retin-A - a topical treatment for acne,,,,,,,,,,https://m.media-amazon.com/images/I/41YCNSiEo6L.jpg
5017,"Retin-A	 Cream",0.05%,Cream,30gm. Cream,23.16,Tretinoin 0.05,Local,Topical & Systemic Acne Preparations,Retin-A - a topical treatment for acne,,,,,,,,,,https://www.mountainside-medical.com/cdn/shop/files/Retin-A-Trerinon-Cream.jpg?v=1723560807&width=800
2214,Sekem Regime tea sachets,,sachets,50 sachets,26.00,"Chicory , Nettle ,Liqurice ,",Local,Weight Control & Appetite Suppressants ,SEKEM Diet T-laxative - helps with weight loss,,,,,,,,,,https://sekemonline.com/cdn/shop/files/6223000471241_7bebd2c5-74d4-4e2f-ac18-f6f3f7b8e876.jpg?v=1712526364&width=1445
18352,Sugarlo plus 50/1000mg. tablets,50/1000,tablets,30 tablets,112.50,Metformin Hcl 1000 mg + Vildagliptin 50 mg,Local,Anti diabetic Agents ,Sugarlo Plus - for treating diabetes,,,,,,,,,,https://encrypted-tbn0.gstatic.com/images?q=tbn:ANd9GcRZWl_8qNwa2GCSDx-NUZAcHnbVF9N_tiJ0TQ&s
10261,Ventocough syrup,1.2 mg,syrup,125 ml suspension,19.00,"Salbutamol Sulphate 1.2 mg, Bromhexine hydrochloride 2 gm.,Guaifensin50 mg,",Local,Cough Preparations ,Ventocf - expectorant - with bronchodilator,,,,,,,,,,https://encrypted-tbn0.gstatic.com/images?q=tbn:ANd9GcTj9GaKciL6L1HDsrlOACq7Twcq_D3d4itjNA&s
2075,Vitramax capsules,1 mg.,capsules,20 capsules,23.50,"Vitamin A 1 mg., Vitamin B1 1 mg.,Vitamin B2 ,",Local,Simple And MultiVitamins ,Vitamax - multivitamins - general tonic,,,,,,,,,,https://www.luluhypermarket.com/cdn-cgi/image/f=auto/medias/2006811-01.jpg-1200Wx1200H?context=bWFzdGVyfGltYWdlc3w0MzE2MjF8aW1hZ2UvanBlZ3xhR1ZpTDJneE55OHhORFU0TURZME9EUTNOamN3TWk4eU1EQTJPREV4TFRBeExtcHdaMTh4TWpBd1YzZ3hNakF3U0F8MzNhMDY5OTFjZjA5ZWY3Yzk4OWQ2YWQ3NTA1NjU5OTgzZWVjYTZjZjhiMjhjNWIxOTY0NTJiNTRjM2QzNjVlYw
11938,Voltaren 100 gm Gel,1%,Gel,100 gm gel,44.50,Diclofenac Sodium 0.01,Local,Topical Anti-Inflammatory Analgesic Preparations,Voltaren gel: pain reliever,acne,back pain,belching,bleeding skin,dizziness,heartburn,increase in body movement,,,https://dkud4u09qff41.cloudfront.net/Products/933c70c1-8e81-43b2-aed3-c2c9fb82d226.png
3534,"Zestril	 10mg. tablets",10 mg.,tablets,10 tablets,21.00,Lisinopril 10 mg.,Local,Antihypertensive And Anti-Anginal Agents,Zestril - antihypertensive drug,vomiting,diarrhea,headache,blurred vision,skin rash,tickly cough,feeling dizzy,lightheadedness,,https://encrypted-tbn0.gstatic.com/images?q=tbn:ANd9GcRYZMLhltpkm5iWFRGpUe8lnZJ1DEEXYX6pFQ&s
3535,"Zestril	 20mg. tablets",20 mg.,tablets,10 tablets,34.00,Lisinopril 20 mg.,Local,Antihypertensive And Anti-Anginal Agents,Zestril - antihypertensive drug,vomiting,diarrhea,headache,blurred vision,skin rash,tickly cough,feeling dizzy,lightheadedness,,https://www.al-dawaa.com/media/catalog/product/cache/78f7fae576dd5c81f7109f594945761a/1/0/102398.jpg
697,Zyrtec 10mg. tablets,10 mg.,tablets,20tablets,65.00,Cetirizine 10 mg.,Local,Antihistaminic Drugs ,Zyrtec - anti-allergies of all types and skin itching,headache,dry mouth,nausea,feeling dizzy,diarrhea,sore throat,sneezing or blocked and runny nose,,,https://encrypted-tbn0.gstatic.com/images?q=tbn:ANd9GcTQB4fzbZ3i6nV_4xYuUYOvlBbLnF5xciJdzw&s
695,Zyrtec drops,1%,drops,10 ml oral drops,23.00,Cetirizine 0.01,Local,Antihistaminic Drugs ,Zyrtec - anti-allergies of all types and skin itching,headache,dry mouth,nausea,feeling dizzy,diarrhea,sore throat,sneezing or blocked and runny nose,,,https://encrypted-tbn0.gstatic.com/images?q=tbn:ANd9GcRDd-XoS-0KHqTDuBoPaO6pCWwMoXfkMhiDsg&s
,,,,,,,,,,,,,,,,,,,
,,,,,,,,,,,,,,,,,,,
,,,,,,,,,,,,,,,,,,,
,,,,,,,,,,,,,,,,,,,
,,,,,,,,,,,,,,,,,,,
,,,,,,,,,,,,,,,,,,,
,,,,,,,,,,,,,,,,,,,
,,,,,,,,,,,,,,,,,,,
,,,,,,,,,,,,,,,,,,,
,,,,,,,,,,,,,,,,,,,
,,,,,,,,,,,,,,,,,,,
,,,,,,,,,,,,,,,,,,,
,,,,,,,,,,,,,,,,,,,
,,,,,,,,,,,,,,,,,,,
,,,,,,,,,,,,,,,,,,,
,,,,,,,,,,,,,,,,,,,
,,,,,,,,,,,,,,,,,,,
,,,,,,,,,,,,,,,,,,,
,,,,,,,,,,,,,,,,,,,
,,,,,,,,,,,,,,,,,,,
,,,,,,,,,,,,,,,,,,,
,,,,,,,,,,,,,,,,,,,
,,,,,,,,,,,,,,,,,,,
,,,,,,,,,,,,,,,,,,,
,,,,,,,,,,,,,,,,,,,
,,,,,,,,,,,,,,,,,,,
,,,,,,,,,,,,,,,,,,,
,,,,,,,,,,,,,,,,,,,
,,,,,,,,,,,,,,,,,,,
,,,,,,,,,,,,,,,,,,,
,,,,,,,,,,,,,,,,,,,
,,,,,,,,,,,,,,,,,,,
,,,,,,,,,,,,,,,,,,,
,,,,,,,,,,,,,,,,,,,
,,,,,,,,,,,,,,,,,,,
,,,,,,,,,,,,,,,,,,,
,,,,,,,,,,,,,,,,,,,
,,,,,,,,,,,,,,,,,,,
,,,,,,,,,,,,,,,,,,,
,,,,,,,,,,,,,,,,,,,
,,,,,,,,,,,,,,,,,,,
,,,,,,,,,,,,,,,,,,,
,,,,,,,,,,,,,,,,,,,
,,,,,,,,,,,,,,,,,,,
,,,,,,,,,,,,,,,,,,,
,,,,,,,,,,,,,,,,,,,
,,,,,,,,,,,,,,,,,,,
,,,,,,,,,,,,,,,,,,,
,,,,,,,,,,,,,,,,,,,
,,,,,,,,,,,,,,,,,,,
,,,,,,,,,,,,,,,,,,,
,,,,,,,,,,,,,,,,,,,
,,,,,,,,,,,,,,,,,,,
,,,,,,,,,,,,,,,,,,,
,,,,,,,,,,,,,,,,,,,
,,,,,,,,,,,,,,,,,,,
,,,,,,,,,,,,,,,,,,,
,,,,,,,,,,,,,,,,,,,
,,,,,,,,,,,,,,,,,,,
,,,,,,,,,,,,,,,,,,,
,,,,,,,,,,,,,,,,,,,
,,,,,,,,,,,,,,,,,,,
,,,,,,,,,,,,,,,,,,,
,,,,,,,,,,,,,,,,,,,
,,,,,,,,,,,,,,,,,,,
,,,,,,,,,,,,,,,,,,,
,,,,,,,,,,,,,,,,,,,
,,,,,,,,,,,,,,,,,,,
,,,,,,,,,,,,,,,,,,,
,,,,,,,,,,,,,,,,,,,
,,,,,,,,,,,,,,,,,,,
,,,,,,,,,,,,,,,,,,,
,,,,,,,,,,,,,,,,,,,
,,,,,,,,,,,,,,,,,,,
,,,,,,,,,,,,,,,,,,,
,,,,,,,,,,,,,,,,,,,
,,,,,,,,,,,,,,,,,,,
,,,,,,,,,,,,,,,,,,,
,,,,,,,,,,,,,,,,,,,
,,,,,,,,,,,,,,,,,,,
,,,,,,,,,,,,,,,,,,,
,,,,,,,,,,,,,,,,,,,
,,,,,,,,,,,,,,,,,,,
,,,,,,,,,,,,,,,,,,,
,,,,,,,,,,,,,,,,,,,
,,,,,,,,,,,,,,,,,,,
,,,,,,,,,,,,,,,,,,,
,,,,,,,,,,,,,,,,,,,
,,,,,,,,,,,,,,,,,,,
,,,,,,,,,,,,,,,,,,,
,,,,,,,,,,,,,,,,,,,
,,,,,,,,,,,,,,,,,,,
,,,,,,,,,,,,,,,,,,,
,,,,,,,,,,,,,,,,,,,
,,,,,,,,,,,,,,,,,,,
,,,,,,,,,,,,,,,,,,,
,,,,,,,,,,,,,,,,,,,
,,,,,,,,,,,,,,,,,,,
,,,,,,,,,,,,,,,,,,,
,,,,,,,,,,,,,,,,,,,
,,,,,,,,,,,,,,,,,,,
,,,,,,,,,,,,,,,,,,,
,,,,,,,,,,,,,,,,,,,
,,,,,,,,,,,,,,,,,,,
,,,,,,,,,,,,,,,,,,,
,,,,,,,,,,,,,,,,,,,
,,,,,,,,,,,,,,,,,,,
,,,,,,,,,,,,,,,,,,,
,,,,,,,,,,,,,,,,,,,
,,,,,,,,,,,,,,,,,,,
,,,,,,,,,,,,,,,,,,,
,,,,,,,,,,,,,,,,,,,
,,,,,,,,,,,,,,,,,,,
,,,,,,,,,,,,,,,,,,,
,,,,,,,,,,,,,,,,,,,
,,,,,,,,,,,,,,,,,,,
,,,,,,,,,,,,,,,,,,,
,,,,,,,,,,,,,,,,,,,
,,,,,,,,,,,,,,,,,,,
,,,,,,,,,,,,,,,,,,,
,,,,,,,,,,,,,,,,,,,
,,,,,,,,,,,,,,,,,,,
,,,,,,,,,,,,,,,,,,,
,,,,,,,,,,,,,,,,,,,
,,,,,,,,,,,,,,,,,,,
,,,,,,,,,,,,,,,,,,,
,,,,,,,,,,,,,,,,,,,
,,,,,,,,,,,,,,,,,,,
,,,,,,,,,,,,,,,,,,,
,,,,,,,,,,,,,,,,,,,
,,,,,,,,,,,,,,,,,,,
,,,,,,,,,,,,,,,,,,,
,,,,,,,,,,,,,,,,,,,
,,,,,,,,,,,,,,,,,,,
,,,,,,,,,,,,,,,,,,,
,,,,,,,,,,,,,,,,,,,
,,,,,,,,,,,,,,,,,,,
,,,,,,,,,,,,,,,,,,,
,,,,,,,,,,,,,,,,,,,
,,,,,,,,,,,,,,,,,,,
,,,,,,,,,,,,,,,,,,,
,,,,,,,,,,,,,,,,,,,
,,,,,,,,,,,,,,,,,,,
,,,,,,,,,,,,,,,,,,,
,,,,,,,,,,,,,,,,,,,
,,,,,,,,,,,,,,,,,,,
,,,,,,,,,,,,,,,,,,,
,,,,,,,,,,,,,,,,,,,
,,,,,,,,,,,,,,,,,,,
,,,,,,,,,,,,,,,,,,,
,,,,,,,,,,,,,,,,,,,
,,,,,,,,,,,,,,,,,,,
,,,,,,,,,,,,,,,,,,,
,,,,,,,,,,,,,,,,,,,
,,,,,,,,,,,,,,,,,,,
,,,,,,,,,,,,,,,,,,,
,,,,,,,,,,,,,,,,,,,
,,,,,,,,,,,,,,,,,,,
,,,,,,,,,,,,,,,,,,,
,,,,,,,,,,,,,,,,,,,
,,,,,,,,,,,,,,,,,,,
,,,,,,,,,,,,,,,,,,,
,,,,,,,,,,,,,,,,,,,
,,,,,,,,,,,,,,,,,,,
,,,,,,,,,,,,,,,,,,,
,,,,,,,,,,,,,,,,,,,
,,,,,,,,,,,,,,,,,,,
,,,,,,,,,,,,,,,,,,,
,,,,,,,,,,,,,,,,,,,
,,,,,,,,,,,,,,,,,,,
,,,,,,,,,,,,,,,,,,,
,,,,,,,,,,,,,,,,,,,
,,,,,,,,,,,,,,,,,,,
,,,,,,,,,,,,,,,,,,,
,,,,,,,,,,,,,,,,,,,
,,,,,,,,,,,,,,,,,,,
,,,,,,,,,,,,,,,,,,,
,,,,,,,,,,,,,,,,,,,
,,,,,,,,,,,,,,,,,,,
,,,,,,,,,,,,,,,,,,,
,,,,,,,,,,,,,,,,,,,
,,,,,,,,,,,,,,,,,,,
,,,,,,,,,,,,,,,,,,,
,,,,,,,,,,,,,,,,,,,
,,,,,,,,,,,,,,,,,,,
,,,,,,,,,,,,,,,,,,,
,,,,,,,,,,,,,,,,,,,
,,,,,,,,,,,,,,,,,,,
,,,,,,,,,,,,,,,,,,,
,,,,,,,,,,,,,,,,,,,
,,,,,,,,,,,,,,,,,,,
,,,,,,,,,,,,,,,,,,,
,,,,,,,,,,,,,,,,,,,
,,,,,,,,,,,,,,,,,,,
,,,,,,,,,,,,,,,,,,,
,,,,,,,,,,,,,,,,,,,
,,,,,,,,,,,,,,,,,,,
,,,,,,,,,,,,,,,,,,,
,,,,,,,,,,,,,,,,,,,
,,,,,,,,,,,,,,,,,,,
,,,,,,,,,,,,,,,,,,,
,,,,,,,,,,,,,,,,,,,
,,,,,,,,,,,,,,,,,,,
,,,,,,,,,,,,,,,,,,,
,,,,,,,,,,,,,,,,,,,
,,,,,,,,,,,,,,,,,,,
,,,,,,,,,,,,,,,,,,,
,,,,,,,,,,,,,,,,,,,
,,,,,,,,,,,,,,,,,,,
,,,,,,,,,,,,,,,,,,,
,,,,,,,,,,,,,,,,,,,
,,,,,,,,,,,,,,,,,,,
,,,,,,,,,,,,,,,,,,,
,,,,,,,,,,,,,,,,,,,
,,,,,,,,,,,,,,,,,,,
,,,,,,,,,,,,,,,,,,,
,,,,,,,,,,,,,,,,,,,
,,,,,,,,,,,,,,,,,,,
,,,,,,,,,,,,,,,,,,,
,,,,,,,,,,,,,,,,,,,
,,,,,,,,,,,,,,,,,,,
,,,,,,,,,,,,,,,,,,,
,,,,,,,,,,,,,,,,,,,
,,,,,,,,,,,,,,,,,,,
,,,,,,,,,,,,,,,,,,,
,,,,,,,,,,,,,,,,,,,
,,,,,,,,,,,,,,,,,,,
,,,,,,,,,,,,,,,,,,,
,,,,,,,,,,,,,,,,,,,
,,,,,,,,,,,,,,,,,,,
,,,,,,,,,,,,,,,,,,,
,,,,,,,,,,,,,,,,,,,
,,,,,,,,,,,,,,,,,,,
,,,,,,,,,,,,,,,,,,,
,,,,,,,,,,,,,,,,,,,
,,,,,,,,,,,,,,,,,,,
,,,,,,,,,,,,,,,,,,,
,,,,,,,,,,,,,,,,,,,
,,,,,,,,,,,,,,,,,,,
,,,,,,,,,,,,,,,,,,,
,,,,,,,,,,,,,,,,,,,
,,,,,,,,,,,,,,,,,,,
,,,,,,,,,,,,,,,,,,,
,,,,,,,,,,,,,,,,,,,
,,,,,,,,,,,,,,,,,,,
,,,,,,,,,,,,,,,,,,,
,,,,,,,,,,,,,,,,,,,
,,,,,,,,,,,,,,,,,,,
,,,,,,,,,,,,,,,,,,,
,,,,,,,,,,,,,,,,,,,
,,,,,,,,,,,,,,,,,,,
,,,,,,,,,,,,,,,,,,,
,,,,,,,,,,,,,,,,,,,
,,,,,,,,,,,,,,,,,,,
,,,,,,,,,,,,,,,,,,,
,,,,,,,,,,,,,,,,,,,
,,,,,,,,,,,,,,,,,,,
,,,,,,,,,,,,,,,,,,,
,,,,,,,,,,,,,,,,,,,
,,,,,,,,,,,,,,,,,,,
,,,,,,,,,,,,,,,,,,,
,,,,,,,,,,,,,,,,,,,
,,,,,,,,,,,,,,,,,,,
,,,,,,,,,,,,,,,,,,,
,,,,,,,,,,,,,,,,,,,
,,,,,,,,,,,,,,,,,,,
,,,,,,,,,,,,,,,,,,,
,,,,,,,,,,,,,,,,,,,
,,,,,,,,,,,,,,,,,,,
,,,,,,,,,,,,,,,,,,,
,,,,,,,,,,,,,,,,,,,
,,,,,,,,,,,,,,,,,,,
,,,,,,,,,,,,,,,,,,,
,,,,,,,,,,,,,,,,,,,
,,,,,,,,,,,,,,,,,,,
,,,,,,,,,,,,,,,,,,,
,,,,,,,,,,,,,,,,,,,
,,,,,,,,,,,,,,,,,,,
,,,,,,,,,,,,,,,,,,,
,,,,,,,,,,,,,,,,,,,
,,,,,,,,,,,,,,,,,,,
,,,,,,,,,,,,,,,,,,,
,,,,,,,,,,,,,,,,,,,
,,,,,,,,,,,,,,,,,,,
,,,,,,,,,,,,,,,,,,,
,,,,,,,,,,,,,,,,,,,
,,,,,,,,,,,,,,,,,,,
,,,,,,,,,,,,,,,,,,,
,,,,,,,,,,,,,,,,,,,
,,,,,,,,,,,,,,,,,,,
,,,,,,,,,,,,,,,,,,,
,,,,,,,,,,,,,,,,,,,
,,,,,,,,,,,,,,,,,,,
,,,,,,,,,,,,,,,,,,,
,,,,,,,,,,,,,,,,,,,
,,,,,,,,,,,,,,,,,,,
,,,,,,,,,,,,,,,,,,,
,,,,,,,,,,,,,,,,,,,
,,,,,,,,,,,,,,,,,,,
,,,,,,,,,,,,,,,,,,,
,,,,,,,,,,,,,,,,,,,
,,,,,,,,,,,,,,,,,,,
,,,,,,,,,,,,,,,,,,,
,,,,,,,,,,,,,,,,,,,
,,,,,,,,,,,,,,,,,,,
,,,,,,,,,,,,,,,,,,,
,,,,,,,,,,,,,,,,,,,
,,,,,,,,,,,,,,,,,,,
,,,,,,,,,,,,,,,,,,,
,,,,,,,,,,,,,,,,,,,
,,,,,,,,,,,,,,,,,,,
,,,,,,,,,,,,,,,,,,,
,,,,,,,,,,,,,,,,,,,
,,,,,,,,,,,,,,,,,,,
,,,,,,,,,,,,,,,,,,,
,,,,,,,,,,,,,,,,,,,
,,,,,,,,,,,,,,,,,,,
,,,,,,,,,,,,,,,,,,,
,,,,,,,,,,,,,,,,,,,
,,,,,,,,,,,,,,,,,,,
,,,,,,,,,,,,,,,,,,,
,,,,,,,,,,,,,,,,,,,
,,,,,,,,,,,,,,,,,,,
,,,,,,,,,,,,,,,,,,,
,,,,,,,,,,,,,,,,,,,
,,,,,,,,,,,,,,,,,,,
,,,,,,,,,,,,,,,,,,,
,,,,,,,,,,,,,,,,,,,
,,,,,,,,,,,,,,,,,,,
,,,,,,,,,,,,,,,,,,,
,,,,,,,,,,,,,,,,,,,
,,,,,,,,,,,,,,,,,,,
,,,,,,,,,,,,,,,,,,,
,,,,,,,,,,,,,,,,,,,
,,,,,,,,,,,,,,,,,,,
,,,,,,,,,,,,,,,,,,,
,,,,,,,,,,,,,,,,,,,
,,,,,,,,,,,,,,,,,,,
,,,,,,,,,,,,,,,,,,,
,,,,,,,,,,,,,,,,,,,
,,,,,,,,,,,,,,,,,,,
,,,,,,,,,,,,,,,,,,,
,,,,,,,,,,,,,,,,,,,
,,,,,,,,,,,,,,,,,,,
,,,,,,,,,,,,,,,,,,,
,,,,,,,,,,,,,,,,,,,
,,,,,,,,,,,,,,,,,,,
,,,,,,,,,,,,,,,,,,,
,,,,,,,,,,,,,,,,,,,
,,,,,,,,,,,,,,,,,,,
,,,,,,,,,,,,,,,,,,,
,,,,,,,,,,,,,,,,,,,
,,,,,,,,,,,,,,,,,,,
,,,,,,,,,,,,,,,,,,,
,,,,,,,,,,,,,,,,,,,
,,,,,,,,,,,,,,,,,,,
,,,,,,,,,,,,,,,,,,,
,,,,,,,,,,,,,,,,,,,
,,,,,,,,,,,,,,,,,,,
,,,,,,,,,,,,,,,,,,,
,,,,,,,,,,,,,,,,,,,
,,,,,,,,,,,,,,,,,,,
,,,,,,,,,,,,,,,,,,,
,,,,,,,,,,,,,,,,,,,
,,,,,,,,,,,,,,,,,,,
,,,,,,,,,,,,,,,,,,,
,,,,,,,,,,,,,,,,,,,
,,,,,,,,,,,,,,,,,,,
,,,,,,,,,,,,,,,,,,,
,,,,,,,,,,,,,,,,,,,
,,,,,,,,,,,,,,,,,,,
,,,,,,,,,,,,,,,,,,,
,,,,,,,,,,,,,,,,,,,
,,,,,,,,,,,,,,,,,,,
,,,,,,,,,,,,,,,,,,,
,,,,,,,,,,,,,,,,,,,
,,,,,,,,,,,,,,,,,,,
,,,,,,,,,,,,,,,,,,,
,,,,,,,,,,,,,,,,,,,
,,,,,,,,,,,,,,,,,,,
,,,,,,,,,,,,,,,,,,,
,,,,,,,,,,,,,,,,,,,
,,,,,,,,,,,,,,,,,,,
,,,,,,,,,,,,,,,,,,,
,,,,,,,,,,,,,,,,,,,
,,,,,,,,,,,,,,,,,,,
,,,,,,,,,,,,,,,,,,,
,,,,,,,,,,,,,,,,,,,
,,,,,,,,,,,,,,,,,,,
,,,,,,,,,,,,,,,,,,,
,,,,,,,,,,,,,,,,,,,
,,,,,,,,,,,,,,,,,,,
,,,,,,,,,,,,,,,,,,,
,,,,,,,,,,,,,,,,,,,
,,,,,,,,,,,,,,,,,,,
,,,,,,,,,,,,,,,,,,,
,,,,,,,,,,,,,,,,,,,
,,,,,,,,,,,,,,,,,,,
,,,,,,,,,,,,,,,,,,,
,,,,,,,,,,,,,,,,,,,
,,,,,,,,,,,,,,,,,,,
,,,,,,,,,,,,,,,,,,,
,,,,,,,,,,,,,,,,,,,
,,,,,,,,,,,,,,,,,,,
,,,,,,,,,,,,,,,,,,,
,,,,,,,,,,,,,,,,,,,
,,,,,,,,,,,,,,,,,,,
,,,,,,,,,,,,,,,,,,,
,,,,,,,,,,,,,,,,,,,
,,,,,,,,,,,,,,,,,,,
,,,,,,,,,,,,,,,,,,,
,,,,,,,,,,,,,,,,,,,
,,,,,,,,,,,,,,,,,,,
,,,,,,,,,,,,,,,,,,,
,,,,,,,,,,,,,,,,,,,
,,,,,,,,,,,,,,,,,,,
,,,,,,,,,,,,,,,,,,,
,,,,,,,,,,,,,,,,,,,
,,,,,,,,,,,,,,,,,,,
,,,,,,,,,,,,,,,,,,,
,,,,,,,,,,,,,,,,,,,
,,,,,,,,,,,,,,,,,,,
,,,,,,,,,,,,,,,,,,,
,,,,,,,,,,,,,,,,,,,
,,,,,,,,,,,,,,,,,,,
,,,,,,,,,,,,,,,,,,,
,,,,,,,,,,,,,,,,,,,
,,,,,,,,,,,,,,,,,,,
,,,,,,,,,,,,,,,,,,,
,,,,,,,,,,,,,,,,,,,
,,,,,,,,,,,,,,,,,,,
,,,,,,,,,,,,,,,,,,,
,,,,,,,,,,,,,,,,,,,
,,,,,,,,,,,,,,,,,,,
,,,,,,,,,,,,,,,,,,,
,,,,,,,,,,,,,,,,,,,
,,,,,,,,,,,,,,,,,,,
,,,,,,,,,,,,,,,,,,,
,,,,,,,,,,,,,,,,,,,
,,,,,,,,,,,,,,,,,,,
,,,,,,,,,,,,,,,,,,,
,,,,,,,,,,,,,,,,,,,
,,,,,,,,,,,,,,,,,,,
,,,,,,,,,,,,,,,,,,,
,,,,,,,,,,,,,,,,,,,
,,,,,,,,,,,,,,,,,,,
,,,,,,,,,,,,,,,,,,,
,,,,,,,,,,,,,,,,,,,
,,,,,,,,,,,,,,,,,,,
,,,,,,,,,,,,,,,,,,,
,,,,,,,,,,,,,,,,,,,
,,,,,,,,,,,,,,,,,,,
,,,,,,,,,,,,,,,,,,,
,,,,,,,,,,,,,,,,,,,
,,,,,,,,,,,,,,,,,,,
,,,,,,,,,,,,,,,,,,,
,,,,,,,,,,,,,,,,,,,
,,,,,,,,,,,,,,,,,,,
,,,,,,,,,,,,,,,,,,,
,,,,,,,,,,,,,,,,,,,
,,,,,,,,,,,,,,,,,,,
,,,,,,,,,,,,,,,,,,,
,,,,,,,,,,,,,,,,,,,
,,,,,,,,,,,,,,,,,,,
,,,,,,,,,,,,,,,,,,,
,,,,,,,,,,,,,,,,,,,
,,,,,,,,,,,,,,,,,,,
,,,,,,,,,,,,,,,,,,,
,,,,,,,,,,,,,,,,,,,
,,,,,,,,,,,,,,,,,,,
,,,,,,,,,,,,,,,,,,,
,,,,,,,,,,,,,,,,,,,
,,,,,,,,,,,,,,,,,,,
,,,,,,,,,,,,,,,,,,,
,,,,,,,,,,,,,,,,,,,
,,,,,,,,,,,,,,,,,,,
,,,,,,,,,,,,,,,,,,,
,,,,,,,,,,,,,,,,,,,
,,,,,,,,,,,,,,,,,,,
,,,,,,,,,,,,,,,,,,,
,,,,,,,,,,,,,,,,,,,
,,,,,,,,,,,,,,,,,,,
,,,,,,,,,,,,,,,,,,,
,,,,,,,,,,,,,,,,,,,
,,,,,,,,,,,,,,,,,,,
,,,,,,,,,,,,,,,,,,,
,,,,,,,,,,,,,,,,,,,
,,,,,,,,,,,,,,,,,,,
,,,,,,,,,,,,,,,,,,,
,,,,,,,,,,,,,,,,,,,
,,,,,,,,,,,,,,,,,,,
,,,,,,,,,,,,,,,,,,,
,,,,,,,,,,,,,,,,,,,
,,,,,,,,,,,,,,,,,,,
,,,,,,,,,,,,,,,,,,,
,,,,,,,,,,,,,,,,,,,
,,,,,,,,,,,,,,,,,,,
,,,,,,,,,,,,,,,,,,,
,,,,,,,,,,,,,,,,,,,
,,,,,,,,,,,,,,,,,,,
,,,,,,,,,,,,,,,,,,,
,,,,,,,,,,,,,,,,,,,
,,,,,,,,,,,,,,,,,,,
,,,,,,,,,,,,,,,,,,,
,,,,,,,,,,,,,,,,,,,
,,,,,,,,,,,,,,,,,,,
,,,,,,,,,,,,,,,,,,,
,,,,,,,,,,,,,,,,,,,
,,,,,,,,,,,,,,,,,,,
,,,,,,,,,,,,,,,,,,,
,,,,,,,,,,,,,,,,,,,
,,,,,,,,,,,,,,,,,,,
,,,,,,,,,,,,,,,,,,,
,,,,,,,,,,,,,,,,,,,
,,,,,,,,,,,,,,,,,,,
,,,,,,,,,,,,,,,,,,,
,,,,,,,,,,,,,,,,,,,
,,,,,,,,,,,,,,,,,,,
,,,,,,,,,,,,,,,,,,,
,,,,,,,,,,,,,,,,,,,
,,,,,,,,,,,,,,,,,,,
,,,,,,,,,,,,,,,,,,,
,,,,,,,,,,,,,,,,,,,
,,,,,,,,,,,,,,,,,,,
,,,,,,,,,,,,,,,,,,,
,,,,,,,,,,,,,,,,,,,
,,,,,,,,,,,,,,,,,,,
,,,,,,,,,,,,,,,,,,,
,,,,,,,,,,,,,,,,,,,
,,,,,,,,,,,,,,,,,,,
,,,,,,,,,,,,,,,,,,,
,,,,,,,,,,,,,,,,,,,
,,,,,,,,,,,,,,,,,,,
,,,,,,,,,,,,,,,,,,,
,,,,,,,,,,,,,,,,,,,
,,,,,,,,,,,,,,,,,,,
,,,,,,,,,,,,,,,,,,,
,,,,,,,,,,,,,,,,,,,
,,,,,,,,,,,,,,,,,,,
,,,,,,,,,,,,,,,,,,,
,,,,,,,,,,,,,,,,,,,
,,,,,,,,,,,,,,,,,,,
,,,,,,,,,,,,,,,,,,,
,,,,,,,,,,,,,,,,,,,
,,,,,,,,,,,,,,,,,,,
,,,,,,,,,,,,,,,,,,,
,,,,,,,,,,,,,,,,,,,
,,,,,,,,,,,,,,,,,,,
,,,,,,,,,,,,,,,,,,,
,,,,,,,,,,,,,,,,,,,
,,,,,,,,,,,,,,,,,,,
,,,,,,,,,,,,,,,,,,,
,,,,,,,,,,,,,,,,,,,
,,,,,,,,,,,,,,,,,,,
,,,,,,,,,,,,,,,,,,,
,,,,,,,,,,,,,,,,,,,
,,,,,,,,,,,,,,,,,,,
,,,,,,,,,,,,,,,,,,,
,,,,,,,,,,,,,,,,,,,
,,,,,,,,,,,,,,,,,,,
,,,,,,,,,,,,,,,,,,,
,,,,,,,,,,,,,,,,,,,
,,,,,,,,,,,,,,,,,,,
,,,,,,,,,,,,,,,,,,,
,,,,,,,,,,,,,,,,,,,
,,,,,,,,,,,,,,,,,,,
,,,,,,,,,,,,,,,,,,,
,,,,,,,,,,,,,,,,,,,
,,,,,,,,,,,,,,,,,,,
,,,,,,,,,,,,,,,,,,,
,,,,,,,,,,,,,,,,,,,
,,,,,,,,,,,,,,,,,,,
,,,,,,,,,,,,,,,,,,,
,,,,,,,,,,,,,,,,,,,
,,,,,,,,,,,,,,,,,,,
,,,,,,,,,,,,,,,,,,,
,,,,,,,,,,,,,,,,,,,
,,,,,,,,,,,,,,,,,,,
,,,,,,,,,,,,,,,,,,,
,,,,,,,,,,,,,,,,,,,
,,,,,,,,,,,,,,,,,,,
,,,,,,,,,,,,,,,,,,,
,,,,,,,,,,,,,,,,,,,
,,,,,,,,,,,,,,,,,,,
,,,,,,,,,,,,,,,,,,,
,,,,,,,,,,,,,,,,,,,
,,,,,,,,,,,,,,,,,,,
,,,,,,,,,,,,,,,,,,,
,,,,,,,,,,,,,,,,,,,
,,,,,,,,,,,,,,,,,,,
,,,,,,,,,,,,,,,,,,,
,,,,,,,,,,,,,,,,,,,
,,,,,,,,,,,,,,,,,,,
,,,,,,,,,,,,,,,,,,,
,,,,,,,,,,,,,,,,,,,
,,,,,,,,,,,,,,,,,,,
,,,,,,,,,,,,,,,,,,,
,,,,,,,,,,,,,,,,,,,
,,,,,,,,,,,,,,,,,,,
,,,,,,,,,,,,,,,,,,,
,,,,,,,,,,,,,,,,,,,
,,,,,,,,,,,,,,,,,,,
,,,,,,,,,,,,,,,,,,,
,,,,,,,,,,,,,,,,,,,
,,,,,,,,,,,,,,,,,,,
,,,,,,,,,,,,,,,,,,,
,,,,,,,,,,,,,,,,,,,
,,,,,,,,,,,,,,,,,,,
,,,,,,,,,,,,,,,,,,,
,,,,,,,,,,,,,,,,,,,
,,,,,,,,,,,,,,,,,,,
,,,,,,,,,,,,,,,,,,,
,,,,,,,,,,,,,,,,,,,
,,,,,,,,,,,,,,,,,,,
,,,,,,,,,,,,,,,,,,,
,,,,,,,,,,,,,,,,,,,
,,,,,,,,,,,,,,,,,,,
,,,,,,,,,,,,,,,,,,,
,,,,,,,,,,,,,,,,,,,
,,,,,,,,,,,,,,,,,,,
,,,,,,,,,,,,,,,,,,,
,,,,,,,,,,,,,,,,,,,
,,,,,,,,,,,,,,,,,,,
,,,,,,,,,,,,,,,,,,,
,,,,,,,,,,,,,,,,,,,
,,,,,,,,,,,,,,,,,,,
,,,,,,,,,,,,,,,,,,,
,,,,,,,,,,,,,,,,,,,
,,,,,,,,,,,,,,,,,,,
,,,,,,,,,,,,,,,,,,,
,,,,,,,,,,,,,,,,,,,
,,,,,,,,,,,,,,,,,,,
,,,,,,,,,,,,,,,,,,,
,,,,,,,,,,,,,,,,,,,
,,,,,,,,,,,,,,,,,,,
,,,,,,,,,,,,,,,,,,,
,,,,,,,,,,,,,,,,,,,
,,,,,,,,,,,,,,,,,,,
,,,,,,,,,,,,,,,,,,,
,,,,,,,,,,,,,,,,,,,
,,,,,,,,,,,,,,,,,,,
,,,,,,,,,,,,,,,,,,,
,,,,,,,,,,,,,,,,,,,
,,,,,,,,,,,,,,,,,,,
,,,,,,,,,,,,,,,,,,,
,,,,,,,,,,,,,,,,,,,
,,,,,,,,,,,,,,,,,,,
,,,,,,,,,,,,,,,,,,,
,,,,,,,,,,,,,,,,,,,
,,,,,,,,,,,,,,,,,,,
,,,,,,,,,,,,,,,,,,,
,,,,,,,,,,,,,,,,,,,
,,,,,,,,,,,,,,,,,,,
,,,,,,,,,,,,,,,,,,,
,,,,,,,,,,,,,,,,,,,
,,,,,,,,,,,,,,,,,,,
,,,,,,,,,,,,,,,,,,,
,,,,,,,,,,,,,,,,,,,
,,,,,,,,,,,,,,,,,,,
,,,,,,,,,,,,,,,,,,,
,,,,,,,,,,,,,,,,,,,
,,,,,,,,,,,,,,,,,,,
,,,,,,,,,,,,,,,,,,,
,,,,,,,,,,,,,,,,,,,
,,,,,,,,,,,,,,,,,,,
,,,,,,,,,,,,,,,,,,,
,,,,,,,,,,,,,,,,,,,
,,,,,,,,,,,,,,,,,,,
,,,,,,,,,,,,,,,,,,,
,,,,,,,,,,,,,,,,,,,
,,,,,,,,,,,,,,,,,,,
,,,,,,,,,,,,,,,,,,,
,,,,,,,,,,,,,,,,,,,
,,,,,,,,,,,,,,,,,,,
,,,,,,,,,,,,,,,,,,,
,,,,,,,,,,,,,,,,,,,
,,,,,,,,,,,,,,,,,,,
,,,,,,,,,,,,,,,,,,,
,,,,,,,,,,,,,,,,,,,
,,,,,,,,,,,,,,,,,,,
,,,,,,,,,,,,,,,,,,,
,,,,,,,,,,,,,,,,,,,
,,,,,,,,,,,,,,,,,,,
,,,,,,,,,,,,,,,,,,,
,,,,,,,,,,,,,,,,,,,
,,,,,,,,,,,,,,,,,,,
,,,,,,,,,,,,,,,,,,,
,,,,,,,,,,,,,,,,,,,
,,,,,,,,,,,,,,,,,,,
,,,,,,,,,,,,,,,,,,,
,,,,,,,,,,,,,,,,,,,
,,,,,,,,,,,,,,,,,,,
,,,,,,,,,,,,,,,,,,,
,,,,,,,,,,,,,,,,,,,
,,,,,,,,,,,,,,,,,,,
,,,,,,,,,,,,,,,,,,,
,,,,,,,,,,,,,,,,,,,
,,,,,,,,,,,,,,,,,,,
,,,,,,,,,,,,,,,,,,,
,,,,,,,,,,,,,,,,,,,
,,,,,,,,,,,,,,,,,,,
,,,,,,,,,,,,,,,,,,,
,,,,,,,,,,,,,,,,,,,
,,,,,,,,,,,,,,,,,,,
,,,,,,,,,,,,,,,,,,,
,,,,,,,,,,,,,,,,,,,
,,,,,,,,,,,,,,,,,,,
,,,,,,,,,,,,,,,,,,,
,,,,,,,,,,,,,,,,,,,
,,,,,,,,,,,,,,,,,,,
,,,,,,,,,,,,,,,,,,,
,,,,,,,,,,,,,,,,,,,
,,,,,,,,,,,,,,,,,,,
,,,,,,,,,,,,,,,,,,,
,,,,,,,,,,,,,,,,,,,
,,,,,,,,,,,,,,,,,,,
,,,,,,,,,,,,,,,,,,,
,,,,,,,,,,,,,,,,,,,
,,,,,,,,,,,,,,,,,,,
,,,,,,,,,,,,,,,,,,,
,,,,,,,,,,,,,,,,,,,
,,,,,,,,,,,,,,,,,,,
,,,,,,,,,,,,,,,,,,,
,,,,,,,,,,,,,,,,,,,
,,,,,,,,,,,,,,,,,,,
,,,,,,,,,,,,,,,,,,,
,,,,,,,,,,,,,,,,,,,
,,,,,,,,,,,,,,,,,,,
,,,,,,,,,,,,,,,,,,,
,,,,,,,,,,,,,,,,,,,
,,,,,,,,,,,,,,,,,,,
,,,,,,,,,,,,,,,,,,,
,,,,,,,,,,,,,,,,,,,
,,,,,,,,,,,,,,,,,,,
,,,,,,,,,,,,,,,,,,,
,,,,,,,,,,,,,,,,,,,
,,,,,,,,,,,,,,,,,,,
,,,,,,,,,,,,,,,,,,,
,,,,,,,,,,,,,,,,,,,
,,,,,,,,,,,,,,,,,,,
,,,,,,,,,,,,,,,,,,,
,,,,,,,,,,,,,,,,,,,
,,,,,,,,,,,,,,,,,,,
,,,,,,,,,,,,,,,,,,,
,,,,,,,,,,,,,,,,,,,
,,,,,,,,,,,,,,,,,,,
,,,,,,,,,,,,,,,,,,,
,,,,,,,,,,,,,,,,,,,
,,,,,,,,,,,,,,,,,,,
,,,,,,,,,,,,,,,,,,,
,,,,,,,,,,,,,,,,,,,
,,,,,,,,,,,,,,,,,,,
,,,,,,,,,,,,,,,,,,,
,,,,,,,,,,,,,,,,,,,
,,,,,,,,,,,,,,,,,,,
,,,,,,,,,,,,,,,,,,,
,,,,,,,,,,,,,,,,,,,
,,,,,,,,,,,,,,,,,,,
,,,,,,,,,,,,,,,,,,,
,,,,,,,,,,,,,,,,,,,
,,,,,,,,,,,,,,,,,,,
,,,,,,,,,,,,,,,,,,,
,,,,,,,,,,,,,,,,,,,
,,,,,,,,,,,,,,,,,,,
,,,,,,,,,,,,,,,,,,,
,,,,,,,,,,,,,,,,,,,
,,,,,,,,,,,,,,,,,,,
,,,,,,,,,,,,,,,,,,,
,,,,,,,,,,,,,,,,,,,
,,,,,,,,,,,,,,,,,,,
,,,,,,,,,,,,,,,,,,,
,,,,,,,,,,,,,,,,,,,
,,,,,,,,,,,,,,,,,,,
,,,,,,,,,,,,,,,,,,,
,,,,,,,,,,,,,,,,,,,
,,,,,,,,,,,,,,,,,,,
,,,,,,,,,,,,,,,,,,,
,,,,,,,,,,,,,,,,,,,
,,,,,,,,,,,,,,,,,,,
,,,,,,,,,,,,,,,,,,,
,,,,,,,,,,,,,,,,,,,
,,,,,,,,,,,,,,,,,,,
,,,,,,,,,,,,,,,,,,,
,,,,,,,,,,,,,,,,,,,
,,,,,,,,,,,,,,,,,,,
,,,,,,,,,,,,,,,,,,,
,,,,,,,,,,,,,,,,,,,
,,,,,,,,,,,,,,,,,,,
,,,,,,,,,,,,,,,,,,,
,,,,,,,,,,,,,,,,,,,
,,,,,,,,,,,,,,,,,,,
,,,,,,,,,,,,,,,,,,,
,,,,,,,,,,,,,,,,,,,
,,,,,,,,,,,,,,,,,,,
,,,,,,,,,,,,,,,,,,,
,,,,,,,,,,,,,,,,,,,
,,,,,,,,,,,,,,,,,,,
,,,,,,,,,,,,,,,,,,,
,,,,,,,,,,,,,,,,,,,
,,,,,,,,,,,,,,,,,,,
,,,,,,,,,,,,,,,,,,,
,,,,,,,,,,,,,,,,,,,
,,,,,,,,,,,,,,,,,,,
,,,,,,,,,,,,,,,,,,,
,,,,,,,,,,,,,,,,,,,
,,,,,,,,,,,,,,,,,,,
,,,,,,,,,,,,,,,,,,,
,,,,,,,,,,,,,,,,,,,
,,,,,,,,,,,,,,,,,,,
,,,,,,,,,,,,,,,,,,,
,,,,,,,,,,,,,,,,,,,
,,,,,,,,,,,,,,,,,,,
,,,,,,,,,,,,,,,,,,,
,,,,,,,,,,,,,,,,,,,
,,,,,,,,,,,,,,,,,,,
,,,,,,,,,,,,,,,,,,,
,,,,,,,,,,,,,,,,,,,
,,,,,,,,,,,,,,,,,,,
,,,,,,,,,,,,,,,,,,,
,,,,,,,,,,,,,,,,,,,
,,,,,,,,,,,,,,,,,,,
,,,,,,,,,,,,,,,,,,,
,,,,,,,,,,,,,,,,,,,
,,,,,,,,,,,,,,,,,,,
,,,,,,,,,,,,,,,,,,,
,,,,,,,,,,,,,,,,,,,
,,,,,,,,,,,,,,,,,,,
,,,,,,,,,,,,,,,,,,,
,,,,,,,,,,,,,,,,,,,
,,,,,,,,,,,,,,,,,,,
,,,,,,,,,,,,,,,,,,,
,,,,,,,,,,,,,,,,,,,
,,,,,,,,,,,,,,,,,,,
,,,,,,,,,,,,,,,,,,,
,,,,,,,,,,,,,,,,,,,
,,,,,,,,,,,,,,,,,,,
,,,,,,,,,,,,,,,,,,,
,,,,,,,,,,,,,,,,,,,
,,,,,,,,,,,,,,,,,,,
,,,,,,,,,,,,,,,,,,,
,,,,,,,,,,,,,,,,,,,
,,,,,,,,,,,,,,,,,,,
,,,,,,,,,,,,,,,,,,,
,,,,,,,,,,,,,,,,,,,
,,,,,,,,,,,,,,,,,,,
,,,,,,,,,,,,,,,,,,,
,,,,,,,,,,,,,,,,,,,
,,,,,,,,,,,,,,,,,,,
,,,,,,,,,,,,,,,,,,,
,,,,,,,,,,,,,,,,,,,
,,,,,,,,,,,,,,,,,,,
,,,,,,,,,,,,,,,,,,,
,,,,,,,,,,,,,,,,,,,
,,,,,,,,,,,,,,,,,,,
,,,,,,,,,,,,,,,,,,,
,,,,,,,,,,,,,,,,,,,
,,,,,,,,,,,,,,,,,,,
,,,,,,,,,,,,,,,,,,,
,,,,,,,,,,,,,,,,,,,
,,,,,,,,,,,,,,,,,,,
,,,,,,,,,,,,,,,,,,,
,,,,,,,,,,,,,,,,,,,
,,,,,,,,,,,,,,,,,,,
,,,,,,,,,,,,,,,,,,,
,,,,,,,,,,,,,,,,,,,
,,,,,,,,,,,,,,,,,,,
,,,,,,,,,,,,,,,,,,,
,,,,,,,,,,,,,,,,,,,
,,,,,,,,,,,,,,,,,,,
,,,,,,,,,,,,,,,,,,,
,,,,,,,,,,,,,,,,,,,
,,,,,,,,,,,,,,,,,,,
,,,,,,,,,,,,,,,,,,,
,,,,,,,,,,,,,,,,,,,
,,,,,,,,,,,,,,,,,,,
